{"cameraMode":{"drawMode":0,"name":"Shaded","section":"Shading Mode"},"sceneLighting":true,"audioPlay":false,"sceneViewState":{"showFog":true,"showMaterialUpdate":true,"showSkybox":true,"showFlares":true,"showImageEffects":true,"showParticleSystems":true},"in2DMode":false,"pivot":{"x":199.76934814453126,"y":245.88711547851563,"z":1.55859375},"rotation":{"x":0.004809477366507053,"y":0.004495187196880579,"z":-0.0000216910702874884,"w":0.9999814033508301},"size":451.3377685546875,"orthographic":false}