{"cameraMode":{"drawMode":0,"name":"Shaded","section":"Shading Mode"},"sceneLighting":false,"audioPlay":false,"sceneViewState":{"showFog":true,"showMaterialUpdate":true,"showSkybox":false,"showFlares":true,"showImageEffects":true,"showParticleSystems":true},"in2DMode":false,"pivot":{"x":353.6517333984375,"y":266.9786376953125,"z":-4.1026611328125},"rotation":{"x":0.004809477366507053,"y":0.004495187196880579,"z":-0.0000216910702874884,"w":0.9999814033508301},"size":725.07421875,"orthographic":false}